{"x1": -0.4818507779046492, "y1": -0.21119569735021154, "x2": 0.4869051566938588, "y2": 0.28900463847923685}